{"30 to 45":0.45,"17 to 30":0.2833333333,"45 to 59":0.1666666667,"60+":0.1}