{"F":0.5166666667,"M":0.4833333333}